{
  "rmse": 196.54064957890628,
  "mae": 137.234521054835,
  "r2": 0.8830206938291659
}